馬克時空,channel/UCejNr6vMTCstFMb-UisJRaw,MarkSpace,
景端医話,channel/UCE7WneiakoyykXzhktMHYhg,health,
菁英論壇,playlist/PLaF6XA2KQtwQJ5vxn-p9-QT3kM2hKUKpd,Elite,
文昭思緒飛揚,channel/UCTu_hTaVf3DJMpMIyOAq2Ew,WenzhaoStudio,
破產時代,channel/UCkg2cJVurAgoMi7WR1RLE7A,ZhaoPei2,
建民论推墙,channel/UC2QpdWej8WRwJZiyIUr0W6A,jianmin,
Leonard打脸厉害国,channel/UC1mx_wcSHtfpLk5N_zY0TRg,leonard,
李肅Hi5第一頻道,channel/UCvpX0E9dK-40zwYShv186oA,LiSu,
大紀元熱點,channel/UCAk-SBMZp79a4k2CAqqoDLQ,djy-news,
江峰·視界,channel/UCDpWE1rleECw7wFdwTy-hSQ,jf-theater,
方菲訪談,channel/UC63bXJHDil9BVGBHroYFJng,FangFei,
探索時分（军事）,channel/UCivjPE-4XnyqBBuxhXshSAw,zhouziding,
乌克兰战地记者老赵,channel/UCbdJjUT48V-BxLKu-G0TZbg,Ukraine,
InitiumMedia 端傳媒,channel/UCavaX73lVLIMjzw3AkFm3Tw,InitiumMedia,
透視中國,channel/UCGekZ_Ig4dP3NDcJCdOK6aA,decoding-china,
真观点,channel/UCAwVpzgGI9sEu4O4ZlB5ZWQ,zf-voices,
方伟时间,channel/UCu8NUZsXxH8WV330dr7rm0g,FangWei,
无修饰的中国,channel/UC2KqHuLE2vYz01QAP_DQkGQ,ShiBingFeng,
百年真相,channel/UCJ0WwxWijk8NemAqLtqj4Sw,bainianzhenxiang,
財商天下,channel/UC82AiO-ehTTIZ3PpnTkecvA,weiran1,
今日慧闻,channel/UCWKv1yOPZn_7c2hW4p8hGng,mh-news,
杰森視角,channel/UCMIkME37LR7Qc13WtZ2dx3w,jason,
时事小品,channel/UC3C919BI3dyDCgQHQVXY6Vg,ntdtv-comedy,
大雄畫裡話外,channel/UCbAMrTIgsTiBDV2xF3uWtrA,DaXiong,
馨香雅句,channel/UC70x9lkpK4iGBldTZBMiPSA,YaLan,
信不信由你,channel/UCPZ5aLH5k-2aqfzhxxemC3Q,kzgfun,
漫談成語,channel/UCNWltfP3KvM3la77JFf08sg,ChineseIdioms,
江峰时刻,channel/UCa6ERCDt3GzkvLye32ar89w,today-in-history,
傳奇時代,channel/UCHOR6YkgiQKBkltdHxIWBwA,LegendsUnfolding,
文昭談古論今,channel/UCtAIPjABiQD3qjlEl1T5VpA,wenzhao,
陳破空縱論天下,channel/UCwb7avxK-L5vPjMC1ZIGayw,pokong,
薇羽看世間,channel/UCpG17Giz_CLK0jWLPG9O5Kw,weiyu,
未解之謎,channel/UCzvQZ1p_-AXgAWiyHhE7CxQ,fuyao,
蔷仔说电影,channel/UC_Udz5R0NCgLTWbmn-QiWGA,QiangZai,
今日点击,channel/UCIY7IuTwv2b9RANrzBkNijQ,news-click,
健康1加1,channel/UC8I3-FAdFC-S9NyT204lTIw,JoJoHealth,
新聞拍案驚奇,channel/UCOLfSutoyLeSggX7oLbrBDQ,dayu,
世界的十字路口,channel/UC-A9OzmRcS-SlXIQmvwMf8w,tanghao,
老北京茶馆,channel/UCpj_AT6Bt1_VT038hmfFGSQ,teahouse,
自由亚洲电台,channel/UC06ZfP4ru4C8uV6nkq58IuQ,rfa,
火力就是正义,channel/UCaeVLOs0GY_fPoy8rfjnBcQ,Weapon,
热点互动,channel/UCDrj0cP9ZQ7R9Qq_kZPpjKA,ntdtv-rdhd,
铁证如山,channel/UCqxUCnjSPJrehEi3v-jUt6A,zcgj,
中国悲剧档案,channel/UCWD4yMVAIzNB8mCnCnBiTbg,TragedyInChina,
高遠視界,channel/UCSKinduqYcCQxzoXXlDPl6Q,GaoYuan,
Strictly Dumpling（美食）,channel/UCXOKEdfOFxsHO_-Su3K8SHg,StrictlyDumpling,
Edwin Sarkissian（枪械测评）,channel/UCIOGCEG14rj9GpIFhszkWoQ,Sarkissian,
BlacktipH（钓鱼）,channel/UCL0L7RQ8mrO10OLRlWPoq6A,BlacktipH,
Dude Perfect,channel/UCRijo3ddMTht_IHyNSNXpNQ,DudePerfect,
美国军事科技,channel/UCkFaL_mmitFd_2aIzbvHArg,MilitaryTech,
阿波罗新闻网,channel/UCGf98FJIiU5mPSyAYG99NAQ,aboluowang,
遠見快評,channel/UCKVO0GNQ1f3Wzhn4BuZ0rdQ,jingyuan,
攝徒日記Fun TV,channel/UCvTe3Z7TZsjGzUERx4Ce6zA,FunTV,
波特王Potter King,channel/UCsBP1dmKYfcorJ17kfOUTvg,PotterKing,
薇羽時光,channel/UC9VhA1Yp8JUj4ZMWVsRqfOA,WeiYuTime,
地球旅馆,channel/UCgZwrKchqUs7C7YKxDe4Wkg,EarthInn,
石山視點,channel/UCft7MI1Jn6L5W0nz5rZn29g,ShiShan,
走出文化亡国,channel/UCCyyvppkImJR2JprkGKCWEA,zcwhwg,
新聞大家談,channel/UC_wRsYpCP2kuql6BuTM7W_g,NewsTalk,
睿眼看世界,channel/UCcWBxfaO69GPOFHSArNET2Q,WenRui,
秦鹏政经观察,channel/UCwX6rw_QzJbFzvr1CzivxIg,qinpeng,
橫河觀點,channel/UCZZTfnyFhcdcg7LwSG6JMxw,henghe,
中國禁聞,channel/UCYSHqbSBDD0X3NC-ze8z5xQ,ntdtv-news,
新聞看點,channel/UCPMqbkR35zZV1ysWGXJPW-w,news-insight,
文史大观园,channel/UCs2k4ajLJHDjtuurTfUnXuA,ancient-culture,
小木談天,channel/UCbIZINDbRZ-Ao9zgQ4uz9DQ,XiaoMu,
细语人生,channel/UCTk-8RivGf6UPimZHbUHXTw,StoriesOfLife,
新聞最嘲點,channel/UC83_OQeEhmLZYsvJ7aTG3Bg,MrJiang,
新世紀影視,channel/UC_3m3VSxzRMbnZt-rQ5H5Xg,new-century,
美丽心台湾,channel/UC1oRnZMrRBZ82bDh2yM5yMg,formosa,
爸媽必修課,channel/UCXl5qKIDf5Q3oUN96u40M_A,parents,
1000步的繽紛台灣,channel/UC2x5k8GlQg5DA2LsgUYylEg,Taiwan1000,
希望之聲TV,channel/UCk89pEd76qutMB08hVSY49Q,soh-tv,
柏格医生健康知识,channel/UCUXi5mmqbvIithAs9AaxEtw,EricBerg,
新聞大破解,channel/UCHY4xOBo9z03nceB6Pl-yzg,tw-insight,
全球退党服务中心,channel/UC1vENGNAdWWW399VYKWqxuQ,QuitTheCCP,
美國思想領袖,channel/UC_78IIcKAIDpp6SJOlf3vDA,ThoughtLeader,
年代向錢看,channel/UCBuHkb1AS_yRQ71meFNQ3VQ,Era-Money,
台湾新聞精選【新唐人亞太電視】,channel/UCMB2hT9xgADzRKczV0Pp__Q,ntdtv-tw,
珍言真語,channel/UC-rMyi5JlAvMRNpCgRNhZTQ,LiangZhen,
香港大紀元新唐人聯合新聞頻道,channel/UCBRcyI55pANUU4Ofia75yEg,hk-news,
看中國 - 香港,channel/UCGAbl3E1aqqgrjwIaiDDdqQ,VisionTimes-HK,
新唐人電視臺,channel/UCdbvc-yJ4JQjNGTgFiJIZNA,ntd-news,
探索与洞见,channel/UCe5d6KVFTNF3YW4j2UoPSPQ,discovery,
石濤 TV - 聚焦 NEWS 濤哥侃電影,channel/UC6zxZTv5ZbMmEg5GqBmXAUQ,st-news,
臺灣政經最前線,channel/UCCKdJQfcldhnd5LUlasJusw,taiwan,
新唐人熱點直擊,channel/UCyARfLYu6RvoWqX_mekVLnw,primary-scene,
蕭茗看世界,channel/UC6HcLCrHusY7qLwsWGzfXnw,simonegao,
天亮時分,channel/UCjvjNeHndz4PGs9JXhzdHqw,tianliang,
